month,awc_perhr,cvc_perhr,ctc_perhr,awc_outlier,ctc_outlier,cvc_outlier,subj
6,881.0625,75.8125,23.5625,FALSE,FALSE,FALSE,794
7,874.3125,54.0625,18.375,FALSE,FALSE,FALSE,794
8,889.1875,76,18.375,FALSE,FALSE,FALSE,794
9,886.125,88.4375,19.3125,FALSE,FALSE,FALSE,794
10,1585.5625,111.4375,34.75,FALSE,FALSE,FALSE,794
11,1348.5625,116.5625,34.75,FALSE,FALSE,FALSE,794
12,1931,118.4375,37.9375,FALSE,FALSE,FALSE,794
13,1108.25,165.4375,40.8125,FALSE,FALSE,FALSE,794
14,947.1875,133.75,30,FALSE,FALSE,FALSE,794
15,1564.875,206,64.625,FALSE,FALSE,FALSE,794
16,896.5625,162,30.4375,FALSE,FALSE,FALSE,794
17,773.3125,144.6875,26.4375,FALSE,FALSE,FALSE,794
6,1320.8125,66.5,23.3125,FALSE,FALSE,FALSE,294
7,1334.4375,75.6875,30.5,FALSE,FALSE,FALSE,294
8,1257.1875,116.5,35.9375,FALSE,FALSE,FALSE,294
9,1652.875,126.6875,40.875,FALSE,FALSE,FALSE,294
10,987.5,85.3125,18.125,FALSE,FALSE,FALSE,294
11,1391.4375,111.75,31.125,FALSE,FALSE,FALSE,294
12,870.625,47.9375,17.375,FALSE,FALSE,FALSE,294
13,969.625,83,28.9375,FALSE,FALSE,FALSE,294
14,838.3125,53.3125,16.5,FALSE,FALSE,FALSE,294
15,1186.625,68.0625,26.0625,FALSE,FALSE,FALSE,294
16,1170.75,91.3125,30.5625,FALSE,FALSE,FALSE,294
17,632.6875,88.875,20.875,FALSE,FALSE,FALSE,294
6,1211.9375,76.0625,23.375,FALSE,FALSE,FALSE,126
7,842.3125,45.6875,10.8125,FALSE,FALSE,FALSE,126
8,690.125,38.6875,8.625,FALSE,FALSE,FALSE,126
9,911.3125,55.1875,16.4375,FALSE,FALSE,FALSE,126
10,957.875,54.0625,13.5625,FALSE,FALSE,FALSE,126
11,1449.875,80.8125,20.5,FALSE,FALSE,FALSE,126
12,920.25,42.9375,10.4375,FALSE,FALSE,FALSE,126
13,670.5,129.5,16.9375,FALSE,FALSE,FALSE,126
14,863.375,119.0625,21.8125,FALSE,FALSE,FALSE,126
15,577.4375,123.875,19.3125,FALSE,FALSE,FALSE,126
16,746.9375,120.75,22.125,FALSE,FALSE,FALSE,126
17,1241.75,123.5625,29.9375,FALSE,FALSE,FALSE,126
6,1730.0508303857955,113.5883441474784,42.33210746995854,FALSE,FALSE,FALSE,255
7,1779.99776411403,72.92565679150364,30.506428172163226,FALSE,FALSE,FALSE,255
8,1758.3516803057366,145.6569600797574,48.82648610476467,FALSE,FALSE,FALSE,255
9,2147.677946324387,214.98249708284715,74.49241540256709,FALSE,TRUE,FALSE,255
10,1662.7378310241547,162.43401064448707,54.29981253636148,FALSE,FALSE,FALSE,255
11,1971.5329500722155,177.19124352184872,63.515618362549915,FALSE,FALSE,FALSE,255
12,1892.0054916041825,119.56912028725314,44.481993874749186,FALSE,FALSE,FALSE,255
13,1548.4084747464606,151.28024902098605,41.93192087558992,FALSE,FALSE,FALSE,255
14,1360.3468979319546,130.80720480320213,41.70780520346898,FALSE,FALSE,FALSE,255
15,1240.5331480918685,76.82021447488385,24.069812877176226,FALSE,FALSE,FALSE,255
16,1579.9200672046434,98.60754015731996,36.38215003945727,FALSE,FALSE,FALSE,255
17,2010.4510792914684,170.21968302536274,59.55107212009657,FALSE,FALSE,FALSE,255
6,2783.314587510392,107.91725756760722,41.89935938187686,FALSE,FALSE,FALSE,465
7,531.0625,34.0625,9.875,FALSE,FALSE,FALSE,465
8,772.6321918881996,93.68659156569842,25.396967593111015,FALSE,FALSE,FALSE,465
9,854.0135569033179,40.31394933999286,10.774170531573311,FALSE,FALSE,FALSE,465
10,440.0625,21.8125,6.0625,FALSE,FALSE,FALSE,465
11,1272.4375,57.4375,17,FALSE,FALSE,FALSE,465
12,548.6875,64.875,16.25,FALSE,FALSE,FALSE,465
13,1145.25,60.9375,25.125,FALSE,FALSE,FALSE,465
14,517.3214812757166,70.81372940502439,18.187815760690288,FALSE,FALSE,FALSE,465
15,679.875,56.625,21.6875,FALSE,FALSE,FALSE,465
16,1052.375,40.6875,18.8125,FALSE,FALSE,FALSE,465
17,523.8982566447556,75.86167476421835,15.432980851671903,FALSE,FALSE,FALSE,465
6,973.625,77.9375,24.4375,FALSE,FALSE,FALSE,357
7,1949.875,144.3125,40.5,FALSE,FALSE,FALSE,357
8,3082.2026889269296,115.0814564059164,45.56173183820276,FALSE,FALSE,FALSE,357
9,1875.0625,72.75,24.5,FALSE,FALSE,FALSE,357
10,1411.896850283147,133.52365797725466,33.69682220246174,FALSE,FALSE,FALSE,357
11,1203.8125,99.3125,27.25,FALSE,FALSE,FALSE,357
12,1768.4274561492448,82.73344824090034,31.025043090337626,FALSE,FALSE,FALSE,357
13,1687.5,91.20698380566802,38.94230769230769,FALSE,FALSE,FALSE,357
14,2606.0067902846695,171.42857142857144,54.9490728649778,FALSE,FALSE,FALSE,357
15,3263.417252396166,159.45814696485624,68.73354632587859,TRUE,FALSE,FALSE,357
16,2055.0707775838664,99.04983517548962,33.585417878611594,FALSE,FALSE,FALSE,357
17,1959.1989152904043,93.46284647358245,37.04905643601769,FALSE,FALSE,FALSE,357
6,1731,59.3125,17.5625,FALSE,FALSE,FALSE,521
7,1427.4375,71.5625,17.5625,FALSE,FALSE,FALSE,521
8,2218.375,45.625,23.8125,FALSE,FALSE,FALSE,521
9,1990,45.0625,20.1875,FALSE,FALSE,FALSE,521
10,2270.3125,43.5625,19.1875,FALSE,FALSE,FALSE,521
11,2413.125,59.125,25.75,FALSE,FALSE,FALSE,521
12,1968.375,75.125,36.125,FALSE,FALSE,FALSE,521
13,1766.375,93.1875,37.6875,FALSE,FALSE,FALSE,521
14,1254.8125,102.5625,45.5,FALSE,FALSE,FALSE,521
15,2191.75,134.125,63.1875,FALSE,FALSE,FALSE,521
16,2213.75,172,73.75,FALSE,FALSE,FALSE,521
17,1339.375,124.5,53.1875,FALSE,FALSE,FALSE,521
6,979.6875,162.375,39.75,FALSE,FALSE,FALSE,274
7,721.125,93.75,25.875,FALSE,FALSE,FALSE,274
8,722.3728813559321,263.728813559322,48.813559322033896,FALSE,FALSE,FALSE,274
9,934.2813022776992,167.58460944537384,41.11439969115944,FALSE,FALSE,FALSE,274
10,990,100.75,18.125,FALSE,FALSE,FALSE,274
11,710.9375,153.625,27.25,FALSE,FALSE,FALSE,274
12,349.375,57.9375,14.3125,FALSE,FALSE,FALSE,274
13,794.5,90,28.8125,FALSE,FALSE,FALSE,274
14,534.25,119.75,25.0625,FALSE,FALSE,FALSE,274
15,1375.428846862684,249.66968159006495,65.83685389435482,FALSE,FALSE,FALSE,274
16,822.6352288488212,198.502080443828,45.38141470180305,FALSE,FALSE,FALSE,274
17,596.0766629086809,141.33032694475762,31.02593010146561,FALSE,FALSE,FALSE,274
6,1522.3548499246726,137.5918414648279,44.306408622088306,FALSE,FALSE,FALSE,828
7,1684.1061885881743,147.3108084812963,54.37855542147905,FALSE,FALSE,FALSE,828
8,1596.6875,95.5625,35.5,FALSE,FALSE,FALSE,828
9,1276.8125,126.1875,36.25,FALSE,FALSE,FALSE,828
10,1207.1875,103.5,23.1875,FALSE,FALSE,FALSE,828
11,1270.447689151683,98.53988174248823,29.32303608060818,FALSE,FALSE,FALSE,828
12,1246,79.375,25.75,FALSE,FALSE,FALSE,828
13,1181.625,51.75,14.0625,FALSE,FALSE,FALSE,828
14,1333.125,94.5625,29.5625,FALSE,FALSE,FALSE,828
15,881.1875,58.625,17.5625,FALSE,FALSE,FALSE,828
16,1204.875,103.625,29.0625,FALSE,FALSE,FALSE,828
17,1164.875,71.375,20.75,FALSE,FALSE,FALSE,828
6,2479.823812306171,66.82547530226078,22.65270349229179,FALSE,FALSE,FALSE,309
7,2067.1981472409034,144.70226695764487,43.45076381775264,FALSE,FALSE,FALSE,309
8,3285.553026854802,203.513882567137,56.941283568502506,FALSE,FALSE,FALSE,309
9,2335.824316889785,108.76581698147808,33.504492939666235,FALSE,FALSE,FALSE,309
10,2628.515213266812,116.61864942730658,44.438198299487034,FALSE,FALSE,FALSE,309
11,1907.3981860216968,97.55468611061713,28.08998755112929,FALSE,FALSE,FALSE,309
12,1158.1123632747765,80.91647331786542,24.53596287703016,FALSE,FALSE,FALSE,309
13,1350.8059913004113,110.3942370145846,31.531088235873007,FALSE,FALSE,FALSE,309
14,1935.285584768812,95.79329102447868,39.41069809610154,FALSE,FALSE,FALSE,309
15,1554.1539984444605,133.71986141554126,50.56918616983667,FALSE,FALSE,FALSE,309
16,1209.2524304391552,196.92768827276137,49.338407840507976,FALSE,FALSE,FALSE,309
17,1695.4365792310457,196.7948257276321,64.16097736255838,FALSE,FALSE,FALSE,309
6,1503.3125,70.875,32.0625,FALSE,FALSE,FALSE,749
7,2788.75,82.3125,39.6875,FALSE,FALSE,FALSE,749
8,3559.1875,63.1875,33.1875,FALSE,FALSE,FALSE,749
9,1207.4375,64.5,23.125,FALSE,FALSE,FALSE,749
10,1383.9375,98.375,33.1875,FALSE,FALSE,FALSE,749
11,1537.0625,31,12.5625,FALSE,FALSE,FALSE,749
12,1726.1875,145.3125,48.75,FALSE,FALSE,FALSE,749
13,2263.4662583594154,51.23055098961969,24.399360518790388,FALSE,FALSE,FALSE,749
14,1748.4375,56.5,29.25,FALSE,FALSE,FALSE,749
15,1652.889768165492,58.152622783934845,26.483299079960815,FALSE,FALSE,FALSE,749
16,2785.1894840694094,74.79542684696186,38.02449074342754,FALSE,FALSE,FALSE,749
17,1214.625,81.8125,29.625,FALSE,FALSE,FALSE,749
6,829.601792296018,55.156464551564646,14.7430801474308,FALSE,FALSE,FALSE,623
7,970.4123401401448,82.00550403552185,22.561920399620732,FALSE,FALSE,FALSE,623
8,1306.0980653462616,64.7672441523827,17.122374890859795,FALSE,FALSE,FALSE,623
9,665.8867255142121,33.450183722599995,8.134476496177726,FALSE,FALSE,FALSE,623
10,1075.445889768003,44.092798712619015,13.195655089177954,FALSE,FALSE,FALSE,623
11,1570.3463641887786,85.5580311930322,33.05651205185335,FALSE,FALSE,FALSE,623
12,2068.4229873789977,84.91606420781767,28.672956745496876,FALSE,FALSE,FALSE,623
13,812.6901814979698,83.47928183552663,20.25341225967418,FALSE,FALSE,FALSE,623
14,1851.1279568910404,161.85039729655676,55.97771485980455,FALSE,FALSE,FALSE,623
15,1347.988248818495,171.5927960148167,52.42048792949291,FALSE,FALSE,FALSE,623
16,659.353699452587,99.29719230090058,30.259579728059332,FALSE,FALSE,FALSE,623
17,399.75,53.4375,12,FALSE,FALSE,FALSE,623
6,1013.625,83.75,19.8125,FALSE,FALSE,FALSE,279
7,962.6875,98.5625,14.3125,FALSE,FALSE,FALSE,279
8,920.3125,118.6875,19.3125,FALSE,FALSE,FALSE,279
9,676.625,97,15.8125,FALSE,FALSE,FALSE,279
10,1342.75,108.75,27.0625,FALSE,FALSE,FALSE,279
11,1034.1875,91.5,25.5,FALSE,FALSE,FALSE,279
12,1032.875,100.5625,23.375,FALSE,FALSE,FALSE,279
13,1095.1875,118.0625,32.75,FALSE,FALSE,FALSE,279
14,710.625,96.375,24.0625,FALSE,FALSE,FALSE,279
15,1533.1875,53.25,19.625,FALSE,FALSE,FALSE,279
16,736.1875,55.9375,17.625,FALSE,FALSE,FALSE,279
17,1062.3125,112.6875,35.6875,FALSE,FALSE,FALSE,279
6,1418.625,127.375,31.9375,FALSE,FALSE,FALSE,626
7,1071.0625,174.9375,31.1875,FALSE,FALSE,FALSE,626
8,1096.5625,85.4375,23.25,FALSE,FALSE,FALSE,626
9,832.5,113.625,28.125,FALSE,FALSE,FALSE,626
10,913.1875,83.125,16.6875,FALSE,FALSE,FALSE,626
11,1038.625,158.8125,37.25,FALSE,FALSE,FALSE,626
12,1037.4375,107.0625,25.375,FALSE,FALSE,FALSE,626
13,501.9375,92.625,15.0625,FALSE,FALSE,FALSE,626
14,834.125,84.125,22.5625,FALSE,FALSE,FALSE,626
15,772.5625,73.9375,18.625,FALSE,FALSE,FALSE,626
16,1029.125,104.75,28.0625,FALSE,FALSE,FALSE,626
17,659.4375,119.375,22.5625,FALSE,FALSE,FALSE,626
6,873.3125,126.8125,31.5,FALSE,FALSE,FALSE,664
7,1522.25,51.0625,19.4375,FALSE,FALSE,FALSE,664
8,1139.625,69.25,22.875,FALSE,FALSE,FALSE,664
9,918.5,74.25,26,FALSE,FALSE,FALSE,664
10,935.375,62.6875,17.25,FALSE,FALSE,FALSE,664
11,930.75,81.125,27.8125,FALSE,FALSE,FALSE,664
12,685.25,77.8125,20.125,FALSE,FALSE,FALSE,664
13,1475.375,84.6875,31.5625,FALSE,FALSE,FALSE,664
14,679.25,90.3125,19.6875,FALSE,FALSE,FALSE,664
15,990.3125,64.875,25.6875,FALSE,FALSE,FALSE,664
16,1119.1875,42.75,16.0625,FALSE,FALSE,FALSE,664
17,1564.75,75.0625,30.125,FALSE,FALSE,FALSE,664
6,1088.8125,86.125,33.1875,FALSE,FALSE,FALSE,129
7,1409.1875,65.875,30.5,FALSE,FALSE,FALSE,129
8,1184.3125,56.5,22.75,FALSE,FALSE,FALSE,129
9,1075.6875,74.375,28.5,FALSE,FALSE,FALSE,129
10,1134.8125,95.625,31.8125,FALSE,FALSE,FALSE,129
11,518.1875,61.125,15.4375,FALSE,FALSE,FALSE,129
12,482.25,49.125,11.625,FALSE,FALSE,FALSE,129
13,1129.4375,112.6875,41,FALSE,FALSE,FALSE,129
14,1348.875,79.75,36.25,FALSE,FALSE,FALSE,129
15,1263.0625,135.375,52.25,FALSE,FALSE,FALSE,129
16,1292.3125,141.625,55.9375,FALSE,FALSE,FALSE,129
17,1158.75,102.3125,45.6875,FALSE,FALSE,FALSE,129
6,1903.4691267103376,153.2152409008101,48.978642583045854,FALSE,FALSE,FALSE,860
7,2377.0658852856923,101.70781308084231,39.67549364763508,FALSE,FALSE,FALSE,860
8,1991.139915151257,87.03178630055216,33.461956637602064,FALSE,FALSE,FALSE,860
9,1474.273196111542,82.88987266669709,27.356122495550174,FALSE,FALSE,FALSE,860
10,2771.315250767656,122.05731832139202,46.98055271238485,FALSE,FALSE,FALSE,860
11,1538.1682013061018,87.00591544709565,31.06423777564717,FALSE,FALSE,FALSE,860
12,1797.5973303670746,100.91212458286986,38.92324805339266,FALSE,FALSE,FALSE,860
13,1166.8398249735951,97.85096889616968,30.340784170025653,FALSE,FALSE,FALSE,860
14,1193.9826371247432,91.69188627979412,31.33270008173364,FALSE,FALSE,FALSE,860
15,2112.8437274259572,148.49024801348423,52.87743799662894,FALSE,FALSE,FALSE,860
16,1471.153481911737,159.40400277795317,43.10878212008334,FALSE,FALSE,FALSE,860
17,2584.531914893617,171.1914893617021,65.29787234042553,FALSE,FALSE,FALSE,860
6,1645.3377480355352,101.5692400960664,33.32478373399865,FALSE,FALSE,FALSE,378
7,1979.657055760193,104.43795249587195,38.31830306109488,FALSE,FALSE,FALSE,378
8,2046.9061371010423,86.651172423315,35.70425938283821,FALSE,FALSE,FALSE,378
9,1217.640832647301,151.57003410560978,44.20087028107727,FALSE,FALSE,FALSE,378
10,2331.5908481201855,112.03004637259036,51.66903000804814,FALSE,FALSE,FALSE,378
11,2334.344483690006,125.16102223145649,62.74672761271556,FALSE,FALSE,FALSE,378
12,2438.8953714507975,127.49902761571371,70.78957604045118,FALSE,FALSE,FALSE,378
13,2464.587915642386,190.89144779402253,87.33341958856256,FALSE,TRUE,FALSE,378
14,3054.0575977522826,189.81971435261065,99.71435261062985,TRUE,TRUE,FALSE,378
15,2413.664843361511,172.83938339134758,79.03530581800099,FALSE,FALSE,FALSE,378
16,2459.2201114126556,234.22368233109555,117.2403942293958,FALSE,TRUE,FALSE,378
17,2249.3918614545273,179.01796886731069,92.43705891185743,FALSE,FALSE,FALSE,378
6,1146.5,37.75,12.6875,FALSE,FALSE,FALSE,109
7,2033.8125,49.5,22.6875,FALSE,FALSE,FALSE,109
8,1240.0625,51.9375,19.4375,FALSE,FALSE,FALSE,109
9,781,32.25,9.1875,FALSE,FALSE,FALSE,109
10,1261.4375,47.1875,21.1875,FALSE,FALSE,FALSE,109
11,1305.0625,71.9375,25.5625,FALSE,FALSE,FALSE,109
12,765.1875,74.8125,21.125,FALSE,FALSE,FALSE,109
13,1212.375,124,46.875,FALSE,FALSE,FALSE,109
14,624.3125,46.6875,13.75,FALSE,FALSE,FALSE,109
15,825.0625,80.1875,24.375,FALSE,FALSE,FALSE,109
16,1900.75,91.75,43.9375,FALSE,FALSE,FALSE,109
17,1849.625,197.125,66.6875,FALSE,FALSE,FALSE,109
6,1316.7716888741488,139.26920150607697,30.69119569246376,FALSE,FALSE,FALSE,342
7,1733.829889476213,163.65209034118212,38.75060067275348,FALSE,FALSE,FALSE,342
8,1322.453764001042,190.51836415733263,46.18390205782756,FALSE,FALSE,FALSE,342
9,721.9661696233866,86.28514174574174,15.135262568515351,FALSE,FALSE,FALSE,342
10,689.0058841746671,98.79696024013153,16.894966291064154,FALSE,FALSE,FALSE,342
11,813.0145375153096,164.6733052878215,30.768411523510306,FALSE,FALSE,FALSE,342
12,1416.7131833853225,224.94828435396488,64.42291906090954,FALSE,FALSE,FALSE,342
13,1730.4224738675955,135.62717770034843,43.41245644599303,FALSE,FALSE,FALSE,342
14,1624.904137235116,240.1210898082745,65.93340060544904,FALSE,FALSE,FALSE,342
15,1869.5683006825636,162.8313092810921,54.64941051325237,FALSE,FALSE,FALSE,342
16,874.6827503015681,89.02291917973461,20.323281061519904,FALSE,FALSE,FALSE,342
17,1176.852300242131,213.07506053268767,63.147699757869255,FALSE,FALSE,FALSE,342
6,774.0721737643236,100.70121429793056,15.324097827945955,FALSE,FALSE,FALSE,268
7,1730.4213374565134,91.56551990722843,24.909161190568227,FALSE,FALSE,FALSE,268
8,631.6699565732333,102.25819186735096,9.593367548361629,FALSE,FALSE,FALSE,268
10,622.3899074456169,98.33166303130342,11.248010375523195,FALSE,FALSE,FALSE,268
11,665.7370020397119,113.29142904716312,16.184489863880447,FALSE,FALSE,FALSE,268
12,631.7386083549264,117.92959615749226,19.86980977058712,FALSE,FALSE,FALSE,268
13,982.3322942490364,216.224442208095,30.57362362239513,FALSE,FALSE,FALSE,268
14,1023.2740861399894,160.2261294495281,32.252191826761845,FALSE,FALSE,FALSE,268
15,573.0103806228374,140.0339053900281,22.07101553609995,FALSE,FALSE,FALSE,268
16,1272.480109115708,160.23641736758353,31.588997499431688,FALSE,FALSE,FALSE,268
17,1061.5826464613444,190.89826511312955,45.64410301912345,FALSE,FALSE,FALSE,268
6,688.8125,81.5625,15.3125,FALSE,FALSE,FALSE,172
7,1291.5625,69.375,17.5,FALSE,FALSE,FALSE,172
8,929.5,135.875,28.3125,FALSE,FALSE,FALSE,172
9,755.0625,79,16.9375,FALSE,FALSE,FALSE,172
10,878.8125,68.125,13.1875,FALSE,FALSE,FALSE,172
11,1027.375,102.625,26.1875,FALSE,FALSE,FALSE,172
12,767.3125,74.125,15.875,FALSE,FALSE,FALSE,172
13,814.375,117.125,24,FALSE,FALSE,FALSE,172
14,945.75,114.5625,25.8125,FALSE,FALSE,FALSE,172
15,1556.25,140.625,34.3125,FALSE,FALSE,FALSE,172
16,719.4375,76.875,18.3125,FALSE,FALSE,FALSE,172
17,785.8125,81.125,15.5625,FALSE,FALSE,FALSE,172
6,1923.7382526975289,48.47720153150018,18.090845805777935,FALSE,FALSE,FALSE,189
7,393.12894107414655,146.81452489671668,23.309415090237007,FALSE,FALSE,FALSE,189
8,1185.0358729074137,112.07721216262384,17.06525452681927,FALSE,FALSE,FALSE,189
9,566.4044812696931,11.763332944334229,3.6970474967907574,FALSE,FALSE,FALSE,189
10,1482.9365682168357,110.0757362036414,21.796401987804085,FALSE,FALSE,FALSE,189
11,558.7929684719949,145.69781510212798,21.009180841221266,FALSE,FALSE,FALSE,189
12,247.9103066324463,100.8564095636904,10.114818316898551,FALSE,FALSE,FALSE,189
13,598.4156530020346,69.81515951690403,19.401757499675337,FALSE,FALSE,FALSE,189
14,1010.6515830456182,217.82120032322047,52.27356203628885,FALSE,FALSE,FALSE,189
15,283.08517626450623,135.28574556601708,14.87847602364791,FALSE,FALSE,FALSE,189
16,379.2762935407508,149.74636455867434,28.48833276969902,FALSE,FALSE,FALSE,189
17,286.5964172813488,160.65331928345628,23.61433087460485,FALSE,FALSE,FALSE,189
6,643.1116513283556,62.57336343115124,18.065636395207505,FALSE,FALSE,FALSE,986
7,1081.125,46.4375,20.3125,FALSE,FALSE,FALSE,986
8,742.125,58,15.8125,FALSE,FALSE,FALSE,986
9,514.6875,25.9375,9.125,FALSE,FALSE,FALSE,986
10,659.5625,60.0625,14.6875,FALSE,FALSE,FALSE,986
11,732.5,49.625,11.625,FALSE,FALSE,FALSE,986
12,672.625,65.625,20.875,FALSE,FALSE,FALSE,986
13,922.0625,58.75,17.5,FALSE,FALSE,FALSE,986
14,994.375,111.375,23.4375,FALSE,FALSE,FALSE,986
15,733.5,113.1875,24.875,FALSE,FALSE,FALSE,986
16,1177.375,81.875,28.0625,FALSE,FALSE,FALSE,986
17,782.1875,110.375,30.125,FALSE,FALSE,FALSE,986
6,1086.75,63.25,23.3125,FALSE,FALSE,FALSE,861
7,2181.25,89.6875,34.6875,FALSE,FALSE,FALSE,861
8,1021.8125,67.25,19.375,FALSE,FALSE,FALSE,861
9,1079.125,108.625,30.875,FALSE,FALSE,FALSE,861
10,1334.8125,196.9375,58.75,FALSE,FALSE,FALSE,861
11,984.25,139.3125,38.5625,FALSE,FALSE,FALSE,861
12,2061,164.9375,65.5,FALSE,FALSE,FALSE,861
13,1699.9375,101.75,38.4375,FALSE,FALSE,FALSE,861
14,1294.8125,104.5,45.5625,FALSE,FALSE,FALSE,861
15,1804.6875,106.8125,43.0625,FALSE,FALSE,FALSE,861
16,2107.75,132.4375,67.375,FALSE,FALSE,FALSE,861
17,1330.0625,103.25,38.25,FALSE,FALSE,FALSE,861
6,574.3290441176471,64.6875,17.536764705882355,FALSE,FALSE,FALSE,625
7,479.4917338434212,17.953272304959693,5.3285968028419175,FALSE,FALSE,FALSE,625
8,518.4063705851992,14.068375648241451,3.6276943495465384,FALSE,FALSE,FALSE,625
9,1480.4992015141656,24.77080499201514,11.5691725320873,FALSE,FALSE,FALSE,625
10,1035.4418032613075,13.511736890095207,5.496299751903136,FALSE,FALSE,FALSE,625
11,430.5243445692884,56.647940074906366,10.674157303370787,FALSE,FALSE,FALSE,625
12,969.0543772210178,74.02275216234942,25.747044230382404,FALSE,FALSE,FALSE,625
13,894.0169218372281,41.24697824335214,13.416599516518938,FALSE,FALSE,FALSE,625
14,1558.4369544783135,64.48771317308984,27.651403249630725,FALSE,FALSE,FALSE,625
15,1368.8281204154684,109.43019775834752,38.23719265301332,FALSE,FALSE,FALSE,625
16,1328.22,89.73,33.03,FALSE,FALSE,FALSE,625
17,365.9375,56.0625,12.0625,FALSE,FALSE,FALSE,625
6,1325.8597218111868,149.2986090559337,43.04232021308079,FALSE,FALSE,FALSE,926
7,1606.6184509292743,99.3776805987722,31.94012278193592,FALSE,FALSE,FALSE,926
8,2673.408081235456,132.00761582398985,65.05182991326423,FALSE,FALSE,FALSE,926
9,996.401240951396,152.38883143743536,39.29679420889348,FALSE,FALSE,FALSE,926
10,1805.766027420664,63.88758382095418,22.756588220219538,FALSE,FALSE,FALSE,926
11,1460.3231306324592,155.00527725907284,46.66720792400747,FALSE,FALSE,FALSE,926
12,1418.8854900917677,111.87657933235803,35.51004122888682,FALSE,FALSE,FALSE,926
13,949.3856772235548,128.64065788829606,24.670811101864995,FALSE,FALSE,FALSE,926
14,1190.7174174090312,144.3659415230808,47.351224552486805,FALSE,FALSE,FALSE,926
15,1194.754539340955,134.450955903545,41.76193678547411,FALSE,FALSE,FALSE,926
16,1020.8272859216256,226.30624092888243,51.351596516690854,FALSE,FALSE,FALSE,926
17,1532.748038225468,214.80848418926263,75.05244347758527,FALSE,FALSE,FALSE,926
6,1008.25,34.25,11.25,FALSE,FALSE,FALSE,944
7,1079.375,34.1875,13.9375,FALSE,FALSE,FALSE,944
8,2405.8125,45.125,23.5,FALSE,FALSE,FALSE,944
9,1275.625,53.6875,20.5,FALSE,FALSE,FALSE,944
10,1923.8125,54,23.6875,FALSE,FALSE,FALSE,944
11,1184.5,47.125,13.375,FALSE,FALSE,FALSE,944
12,895.588695380123,11.638335592866826,5.819167796433413,FALSE,FALSE,FALSE,944
13,990.625,71.9375,22.5,FALSE,FALSE,FALSE,944
14,1489.5,89.375,38.9375,FALSE,FALSE,FALSE,944
15,1270.75,59.1875,24,FALSE,FALSE,FALSE,944
16,1688.8125,69.875,29.125,FALSE,FALSE,FALSE,944
17,983.75,54.1875,21.1875,FALSE,FALSE,FALSE,944
6,2044.4375,111.3125,39.0625,FALSE,FALSE,FALSE,515
7,678.0625,64.25,14,FALSE,FALSE,FALSE,515
8,1091.6875,104.6875,24.1875,FALSE,FALSE,FALSE,515
9,1441.3125,113.6875,39.5,FALSE,FALSE,FALSE,515
10,1250,87.125,26.5,FALSE,FALSE,FALSE,515
11,2204.1875,78.6875,36.0625,FALSE,FALSE,FALSE,515
12,1886.0625,113.75,45.6875,FALSE,FALSE,FALSE,515
13,825.25,102.3125,21.625,FALSE,FALSE,FALSE,515
14,552.375,29.4375,10.3125,FALSE,FALSE,FALSE,515
15,879.125,135.25,31.1875,FALSE,FALSE,FALSE,515
16,878.25,63.125,26,FALSE,FALSE,FALSE,515
17,903.25,119.5,33.3125,FALSE,FALSE,FALSE,515
6,1258.5625,69,22.75,FALSE,FALSE,FALSE,375
7,1899.875,35.3125,13.5,FALSE,FALSE,FALSE,375
8,1354.5,45.1875,18.25,FALSE,FALSE,FALSE,375
9,1180.125,63.8125,15.8125,FALSE,FALSE,FALSE,375
10,756.4375,66.1875,15.1875,FALSE,FALSE,FALSE,375
11,1094.8125,45.75,15.625,FALSE,FALSE,FALSE,375
12,1174.0625,38.875,13.1875,FALSE,FALSE,FALSE,375
13,266.5625,5.8125,1.375,FALSE,FALSE,FALSE,375
14,1308.1875,46.875,12.9375,FALSE,FALSE,FALSE,375
15,773.375,60.375,14.25,FALSE,FALSE,FALSE,375
16,723.8125,133.375,29.9375,FALSE,FALSE,FALSE,375
17,485.125,54.8125,12.5,FALSE,FALSE,FALSE,375
6,1602.3572038398268,136.5095891551965,48.05197509526685,FALSE,FALSE,FALSE,738
7,2771.719188767551,162.49609984399376,70.31513260530421,FALSE,TRUE,FALSE,738
8,1567.3358724420632,230.0690723645988,51.97856820089084,FALSE,FALSE,FALSE,738
9,1806.6255872124948,144.07906778109938,53.07790860838265,FALSE,FALSE,FALSE,738
10,1723.017891787023,149.54084932097436,39.655098081483075,FALSE,FALSE,FALSE,738
11,498.2069309814037,114.79801971959895,18.79602279818613,FALSE,FALSE,FALSE,738
12,2337.9672590387813,183.49820537512036,74.84898888208002,FALSE,FALSE,FALSE,738
13,1944.364677383836,173.9352565514204,70.7949790794979,FALSE,FALSE,FALSE,738
14,1938.3409846446095,226.958999525091,90.61263257875574,FALSE,FALSE,FALSE,738
15,2203.982777179763,496.98600645855754,138.05166846071043,FALSE,TRUE,TRUE,738
16,2849.417603269596,172.77477740475842,77.87476280834915,FALSE,FALSE,FALSE,738
17,2458.76052027544,200.76511094108645,103.5195103289977,FALSE,FALSE,FALSE,738
6,187.4375,65.1875,5.4375,FALSE,FALSE,FALSE,575
7,814.875,101.1875,22.4375,FALSE,FALSE,FALSE,575
8,641.75,82.4375,13.9375,FALSE,FALSE,FALSE,575
9,354,81.5625,7.25,FALSE,FALSE,FALSE,575
10,467.75,69.75,13.4375,FALSE,FALSE,FALSE,575
11,439.5402006858885,78.87717515559507,11.888733646640418,FALSE,FALSE,FALSE,575
12,374.6369796708616,194.89165239407257,25.467272321096136,FALSE,FALSE,FALSE,575
13,176.28550948805977,110.95936922322406,14.26038404949636,FALSE,FALSE,FALSE,575
14,388.24979457682826,72.96631059983567,13.927691043549713,FALSE,FALSE,FALSE,575
15,1285.9213917525774,143.81443298969072,46.391752577319586,FALSE,FALSE,FALSE,575
16,857.6969696969697,152.4848484848485,31.151515151515152,FALSE,FALSE,FALSE,575
17,592.0620437956204,98.65745568300312,18.41762252346194,FALSE,FALSE,FALSE,575
6,958.0823080186676,248.36656767076792,38.18413237165889,FALSE,FALSE,TRUE,639
7,1722.0674538641024,118.95637417803862,37.84204199957576,FALSE,FALSE,FALSE,639
8,1309.2042961080956,92.79593486545792,24.778842822496824,FALSE,FALSE,FALSE,639
9,1334.025586883617,103.29151658179109,26.560675692460567,FALSE,FALSE,FALSE,639
10,996.68911976253,63.54150017125242,20.139285306541844,FALSE,FALSE,FALSE,639
11,800.2264015024828,91.04427693020143,19.82042244462168,FALSE,FALSE,FALSE,639
12,1288.8094297652951,136.7315967819055,39.3655281375382,FALSE,FALSE,FALSE,639
13,1562.0353159851302,91.58921933085504,37.43029739776952,FALSE,FALSE,FALSE,639
14,1216.841700511884,239.7346855398813,61.59909639278076,FALSE,FALSE,FALSE,639
15,1031.3151957531518,73.48108825481087,29.621765096217647,FALSE,FALSE,FALSE,639
16,1649.293663027641,113.57138332242327,43.25442912346644,FALSE,FALSE,FALSE,639
17,1942.680156927524,195.9942184596325,61.03654759446624,FALSE,FALSE,FALSE,639
6,2442.9527539536957,60.23499082841703,28.109662386594614,FALSE,FALSE,FALSE,168
7,1493.6105088636652,107.81788037240148,30.149215661267696,FALSE,FALSE,FALSE,168
8,2225.94336134868,52.43881398959899,19.786557562911295,FALSE,FALSE,FALSE,168
9,1731.019460468679,108.74883308997774,30.59099504512052,FALSE,FALSE,FALSE,168
10,841.4157518334623,66.9065731335125,17.382590078804718,FALSE,FALSE,FALSE,168
11,930.7478460654796,112.23894313612864,23.820792647903502,FALSE,FALSE,FALSE,168
12,609.0412091698443,128.58914871135204,21.748518399411953,FALSE,FALSE,FALSE,168
13,1444.674110620618,148.91716437289014,37.67333160218125,FALSE,FALSE,FALSE,168
14,1087.624479872832,157.95969891065502,25.49908831642433,FALSE,FALSE,FALSE,168
15,728.0467445742904,111.60267111853088,17.195325542570952,FALSE,FALSE,FALSE,168
16,1574.897081694264,113.0454670204007,37.95627115542951,FALSE,FALSE,FALSE,168
17,1454.3776236751164,158.88860542245516,43.500243523436225,FALSE,FALSE,FALSE,168
6,1194.625,41.875,14.0625,FALSE,FALSE,FALSE,737
7,974.5625,120.4375,30.875,FALSE,FALSE,FALSE,737
8,617.3125,118.125,25.1875,FALSE,FALSE,FALSE,737
9,617.25,56.9375,17.125,FALSE,FALSE,FALSE,737
10,709.875,67.375,19.5,FALSE,FALSE,FALSE,737
11,718.625,184.25,37.75,FALSE,FALSE,FALSE,737
12,861.875,85.9375,30.75,FALSE,FALSE,FALSE,737
13,536.9375,75.375,19.8125,FALSE,FALSE,FALSE,737
14,569.25,97.6875,23.5,FALSE,FALSE,FALSE,737
15,800.4375,153.75,37.25,FALSE,FALSE,FALSE,737
16,625.625,93.5625,22.4375,FALSE,FALSE,FALSE,737
17,730.8125,121.8125,29.875,FALSE,FALSE,FALSE,737
6,2057.9789704826653,173.60753346564758,58.52793378657996,FALSE,FALSE,FALSE,518
7,2207.111053752339,176.3954313738143,58.61779699296638,FALSE,FALSE,FALSE,518
8,3250.399761746581,223.7474513756844,94.9256603514238,FALSE,TRUE,FALSE,518
9,960.6534556174256,143.26891582050442,31.984932852931543,FALSE,FALSE,FALSE,518
10,1494,110,42,FALSE,FALSE,FALSE,518
11,1441.0398184443986,189.24695688054467,57.78419641015061,FALSE,FALSE,FALSE,518
12,1162.2697626989016,151.96617875124812,40.68747211658983,FALSE,FALSE,FALSE,518
13,2591.3006432922934,192.0163592212329,77.83410727218507,FALSE,FALSE,FALSE,518
14,1579.9588371494726,173.50141497298688,59.73758682788783,FALSE,FALSE,FALSE,518
15,2465.6623264822983,130.03335844183795,57.91455934574411,FALSE,FALSE,FALSE,518
16,2067.2021307586665,262.3330142744184,95.58450206001082,FALSE,FALSE,FALSE,518
17,2411.5242668359856,224.93749751974283,89.00353188618595,FALSE,FALSE,FALSE,518
6,1776.0748496324347,57.295611494764984,21.74203608821564,FALSE,FALSE,FALSE,151
7,2433.518527957592,92.02303889087108,37.157857179264994,FALSE,FALSE,FALSE,151
8,829.201244813278,15.560165975103734,6.613070539419087,FALSE,FALSE,FALSE,151
9,2209.640883977901,43.50828729281768,13.093922651933704,FALSE,FALSE,FALSE,151
10,1524.2802201304637,107.70244140832502,28.914433843996346,FALSE,FALSE,FALSE,151
11,767.9762970278696,11.88852195919879,3.666553501435142,FALSE,FALSE,FALSE,151
12,1014.4596139619342,22.032416436882105,5.568632725805367,FALSE,FALSE,FALSE,151
13,524.116338469144,10.23317129438906,2.6695229463623633,FALSE,FALSE,FALSE,151
14,1107.8532443905397,22.922983626440264,5.457853244390539,FALSE,FALSE,FALSE,151
15,1147.2612284274842,21.417086504448495,6.270768571122306,FALSE,FALSE,FALSE,151
16,747.8870278225525,106.80496180531222,19.847221248861167,FALSE,FALSE,FALSE,151
17,592.8990042674253,62.57752489331436,13.109530583214791,FALSE,FALSE,FALSE,151
6,1278.0631469530945,197.93841223093247,46.07388799861406,FALSE,FALSE,FALSE,893
7,951.3125,131.0625,34.3125,FALSE,FALSE,FALSE,893
8,1067.875,121.5,25.125,FALSE,FALSE,FALSE,893
9,878.5,142.6875,32.375,FALSE,FALSE,FALSE,893
10,1081.875,193.6875,41.4375,FALSE,FALSE,FALSE,893
11,446.5,38,11.6875,FALSE,FALSE,FALSE,893
12,1187,203.875,58.3125,FALSE,FALSE,FALSE,893
13,555.1875,157.1875,24.5625,FALSE,FALSE,FALSE,893
14,893.6159922618087,123.7626954699339,33.443495083024345,FALSE,FALSE,FALSE,893
15,835.0625,125.5625,35.1875,FALSE,FALSE,FALSE,893
16,1055.3125,102.4375,26.375,FALSE,FALSE,FALSE,893
17,643.3830731117129,170.90511033012618,28.760730540992107,FALSE,FALSE,FALSE,893
6,1642.0625,76.875,29,FALSE,FALSE,FALSE,424
7,808.4375,97.25,21.125,FALSE,FALSE,FALSE,424
8,1081.8125,117.5,28.1875,FALSE,FALSE,FALSE,424
9,974.875,83.375,23.5625,FALSE,FALSE,FALSE,424
10,1419.5625,82.625,29.0625,FALSE,FALSE,FALSE,424
11,1142,181.125,50.4375,FALSE,FALSE,FALSE,424
12,960.5625,62.5625,20.875,FALSE,FALSE,FALSE,424
13,1408.875,190.9375,52.25,FALSE,FALSE,FALSE,424
14,1087.0625,107,32.5625,FALSE,FALSE,FALSE,424
15,1388.125,149.75,44.5,FALSE,FALSE,FALSE,424
16,1029.0625,116.0625,35.4375,FALSE,FALSE,FALSE,424
17,1282.75,104.5,35.625,FALSE,FALSE,FALSE,424
6,1899.5,145.5,46.5625,FALSE,FALSE,FALSE,351
7,670.9375,70.75,17.3125,FALSE,FALSE,FALSE,351
8,939.5625,103.4375,25.75,FALSE,FALSE,FALSE,351
9,853.375,97.875,27.625,FALSE,FALSE,FALSE,351
10,1201.25,96.25,29.9375,FALSE,FALSE,FALSE,351
11,1111,129.5625,38.625,FALSE,FALSE,FALSE,351
12,932.3125,113.625,33.6875,FALSE,FALSE,FALSE,351
13,1578.375,123.5,41.1875,FALSE,FALSE,FALSE,351
14,1626.5625,183.625,56.375,FALSE,FALSE,FALSE,351
15,930.6875,88.5,24.3125,FALSE,FALSE,FALSE,351
16,1378.9375,196.1875,62.5625,FALSE,FALSE,FALSE,351
17,1155.1875,130.4375,42.3125,FALSE,FALSE,FALSE,351
6,2410.7184708731543,77.52923100960912,31.03044191557511,FALSE,FALSE,FALSE,950
7,1065.4355886779986,74.40801791548883,23.525092697969825,FALSE,FALSE,FALSE,950
8,1284.0874383699113,88.27610279680614,25.367598935381125,FALSE,FALSE,FALSE,950
9,1153.157072931104,77.36977841716522,20.589834909384376,FALSE,FALSE,FALSE,950
10,1331.4971194065188,77.06574066766632,30.82629626706653,FALSE,FALSE,FALSE,950
11,1407.512580126532,98.77017518217691,34.42674294782118,FALSE,FALSE,FALSE,950
12,1769.908416921064,150.19624945486262,59.659834278238115,FALSE,FALSE,FALSE,950
13,987.0697859719794,126.05298687501384,31.393727451804963,FALSE,FALSE,FALSE,950
14,1361.8871072388545,118.62081749930483,44.87904347020113,FALSE,FALSE,FALSE,950
15,1205.3961153619778,121.11595055915244,39.07239552678046,FALSE,FALSE,FALSE,950
16,1049.1890477851412,71.18067666550401,26.604464597139867,FALSE,FALSE,FALSE,950
17,1807.6190476190477,160.83809523809524,57.44761904761905,FALSE,FALSE,FALSE,950
6,278.0625,56.625,5.5625,FALSE,FALSE,FALSE,563
7,876.8684707363122,130.6784140969163,19.665198237885463,FALSE,FALSE,FALSE,563
8,337.86621429553895,91.10999037183072,7.757553528036311,FALSE,FALSE,FALSE,563
9,947.250280583614,98.49607182940515,16.251402918069587,FALSE,FALSE,FALSE,563
10,510.75,74.5,9.75,FALSE,FALSE,FALSE,563
11,475.2738105668974,85.00832384123368,8.832033645842461,FALSE,FALSE,FALSE,563
12,315.8825234276881,132.68283257656265,13.39001062699256,FALSE,FALSE,FALSE,563
13,1057.8643763620048,139.4436610690937,29.611588257915653,FALSE,FALSE,FALSE,563
14,454.8425667596652,67.70625747309685,13.09286568353926,FALSE,FALSE,FALSE,563
15,1212.386822779957,197.90603710148343,40.45182410711652,FALSE,FALSE,FALSE,563
16,629.9614230604371,126.82168881268753,23.242606086583795,FALSE,FALSE,FALSE,563
17,598.393144081414,128.22710230316014,21.960364220674876,FALSE,FALSE,FALSE,563
6,926.0197397152588,65.63892042973185,16.743820420997466,FALSE,FALSE,FALSE,288
7,1023.1857431563476,86.83236660455107,18.991627516338156,FALSE,FALSE,FALSE,288
8,1350.4584956547797,83.21246628708421,18.483667965238237,FALSE,FALSE,FALSE,288
9,301.22478100598516,55.22216496888501,9.48908002695311,FALSE,FALSE,FALSE,288
10,182.14734198409377,63.478442863122645,3.01381331100879,FALSE,FALSE,FALSE,288
11,364.9375,54.8125,10.875,FALSE,FALSE,FALSE,288
12,463.1811919871722,85.2864789177714,15.61010862937284,FALSE,FALSE,FALSE,288
13,848.2945006346996,69.579460300561,17.837107407559067,FALSE,FALSE,FALSE,288
14,677.7488642879196,73.27658448374719,19.609226833678825,FALSE,FALSE,FALSE,288
15,336.10012227576783,95.63403581960728,12.601596777673883,FALSE,FALSE,FALSE,288
16,534.02188012433,86.3457255439438,14.537800729337476,FALSE,FALSE,FALSE,288
17,885.4334647754695,80.40727443940911,22.670825731269495,FALSE,FALSE,FALSE,288
6,809.6895088233103,118.2993720682038,25.911493882008383,FALSE,FALSE,FALSE,220
7,1012.4824902723736,165.2918287937743,37.63424124513619,FALSE,FALSE,FALSE,220
8,1390.5454165141452,141.47361815614704,30.779689379281493,FALSE,FALSE,FALSE,220
9,2579.2848152809656,166.5802917005997,53.3056933441919,FALSE,FALSE,FALSE,220
10,640.1339319686477,123.82619283159576,30.408644699794536,FALSE,FALSE,FALSE,220
11,593.0625,209.375,36.4375,FALSE,FALSE,FALSE,220
12,963.1595029537584,151.25280097779589,36.20900387044205,FALSE,FALSE,FALSE,220
13,967.2365055862164,141.58029344460897,41.67451877776282,FALSE,FALSE,FALSE,220
14,1100.6405103337397,151.79316961854627,44.43637683790161,FALSE,FALSE,FALSE,220
15,1304.6479521398987,168.70685687988956,52.36999539806719,FALSE,FALSE,FALSE,220
16,1742.1763545302776,185.85521323417817,67.56715738351798,FALSE,FALSE,FALSE,220
17,500.920125293657,68.98003132341425,17.178935003915427,FALSE,FALSE,FALSE,220
54,722.6982504684463,156.8750272352478,34.937506065539246,FALSE,FALSE,FALSE,794
54,2229.1935120127628,121.25002105035088,40.87500709635541,FALSE,FALSE,FALSE,294
54,1704.9952960061278,228.75003971354857,63.625011046008865,FALSE,FALSE,FALSE,126
54,1219.9727118008182,236.5000410590349,47.312508213977125,FALSE,FALSE,FALSE,465
54,1297.4433502505815,209.7500364149369,58.87501022135594,FALSE,FALSE,FALSE,357
54,2571.0561870412216,329.57008079509455,103.0050848175278,FALSE,FALSE,FALSE,521
54,1167.2133276412028,218.62503795573576,72.81251264106123,FALSE,FALSE,FALSE,274
54,1206.212709411929,273.06254740669226,40.50000703125122,FALSE,FALSE,FALSE,828
54,3142.3967955549992,127.00002204861494,59.750010373265695,FALSE,FALSE,FALSE,309
54,1724.3432444466434,430.04502053134127,93.87522881314008,FALSE,FALSE,FALSE,749
54,379.5831908998595,155.187526942279,21.187503678386054,FALSE,FALSE,FALSE,623
54,1226.3058379003191,321.06255574002705,73.2500127170161,FALSE,FALSE,FALSE,279
54,1211.213335280093,218.31253790148227,67.31251168619995,FALSE,FALSE,FALSE,664
54,2631.153581797497,171.8125298285642,70.68751227213755,FALSE,FALSE,FALSE,129
54,1621.4809065071015,351.0625609483613,69.12501200087014,FALSE,FALSE,FALSE,860
54,2321.212277988243,176.00003055556087,62.18751079644285,FALSE,FALSE,FALSE,378
54,1372.8271133380406,85.68751487630468,23.062504003906945,FALSE,FALSE,FALSE,109
54,1034.0214295176092,255.00004427084104,39.68750689019217,FALSE,FALSE,FALSE,268
54,1477.3965064924491,149.9375260308205,58.06251008029689,FALSE,FALSE,FALSE,189
54,1240.9433404415522,420.25007296008215,80.062513899742,FALSE,FALSE,FALSE,861
54,1216.9258362718467,176.1250305772623,56.87500987413366,FALSE,FALSE,FALSE,625
54,1284.083347931137,148.2500257378517,38.250006640626154,FALSE,FALSE,FALSE,926
54,1572.8214826814806,166.81827843381225,45.46410104066162,FALSE,FALSE,FALSE,944
54,1705.5802961076904,287.5000499132031,84.37501464844004,FALSE,FALSE,FALSE,515
54,1398.2528474324265,260.0938276240907,59.82843093723597,FALSE,FALSE,FALSE,375
54,2700.907343907525,370.75006436633066,119.1250206814272,FALSE,FALSE,FALSE,738
54,1234.3358132694088,342.7851051028107,68.84926509211418,FALSE,FALSE,FALSE,639
54,1050.6970574126838,200.8125348632873,49.81250864800498,FALSE,FALSE,FALSE,737
54,1963.8403409445036,281.81254892578977,81.81251420356149,FALSE,FALSE,FALSE,518
54,1420.125246549522,244.0000423611185,54.06250938585232,FALSE,FALSE,FALSE,893
54,1245.7058412683753,271.0000470486193,58.25001011284898,FALSE,FALSE,FALSE,424
54,1449.4390016387156,358.0000621527886,78.75001367187738,FALSE,FALSE,FALSE,351
54,2320.27867728557,434.0587560207604,90.16570486294036,FALSE,FALSE,FALSE,950
